names,
Kynan Atkinson
Aiysha Vo
Huma Oliver
Kabir Montoya
Ingrid Gilmour
Armani Williamson
Ayva Gilliam
Ruby-May Kemp
Maude Nieves
Darin Hyde
Nola Lowe
Ksawery Rangel
Claire Dawe
Reese Wood
Teigan Forbes
Gina Firth
Katerina Beltran
Marilyn Calvert
Kohen Sandoval
Trey Brewer
Tayyab Nava
Lara Chambers
Rianne Mccann
Kimberly Rios
Esmai Bonner
Tiah Hodges
Poppy-Mae Pruitt
Nick Erickson
Alby Beck
Dominique Riggs
Ameerah Arias
Patrik Mcclure
Kurtis Blevins
Walter Cornish
Evelyn Sparrow
Lewie Rocha
Remy Mair
Mia Mohammed
Olli Bender
April Sinclair
Maia Juarez
Olly Mcclain
Chay Koch
Caelan Molloy
Honor Workman
Daisy-Mae Pena
Ismail Bradford
Sameera Tillman
Tamsin Alvarado
Ethan Britt
Mindy Santos
Sultan Humphries
Iona Sullivan
Tyrese Kaye
Tillie Ramirez
Ahmed Woodward
Sebastien Strong
Regan Mcdonnell
Iram Mccaffrey
Piper Ray
Tammy Bone
Anayah Vang
Rocco Almond
Corey Greenwood
Zeeshan Maxwell
Maxim Sweet
Sheldon Thomas
Kya Griffin
Zishan Conner
Shauna Pike
Sophie Murray
Sylvia Vickers
Aviana Field
Subhan Hail
Will Burton
Lori Stephenson
Pablo Andrade
Willem Curran
Arthur Avila
Alice Le
John-James Chester
Aden Dalton
Ameen Bryan
Baran Cruz
Brandon Haigh
Lacy Correa
Rabia Penn
Ruairidh Harwood
Raphael Holt
Rui Soto
Lainey Macgregor
Harley Beard
Aqsa Stark
Jiya Vu
Cameron Holden
Louise Salter
Raheem Joyce
Corinne Wade
Leyton Humphrey
Luka Murphy
Eoin Larson
Luis Henson
Bill Nixon
Zayyan Maxwell
Kelsey Gough
Dean Chen
Kia Barrett
Menachem Timms
Naima Braun
Damon Dunn
Hashir Wall
Magnus Sears
Poppy-Rose Dawe
Vikram Olsen
Umair Tate
Ruby-Mae Hines
Eliott Lawson
Ned Lutz
Ethan Reyes
Luqman Wilkerson
Eman Kavanagh
Emil Mair
Josef Wills
Carrie Osborne
Aiesha Malone
Piotr Burton
Mia-Rose Decker
Rose Davie
Hadi Goddard
Fred Rowley
Chardonnay Joseph
Jamelia Roberson
Aneesha Rankin
Ariyan Whitfield
Roberto Heaton
Filip Alexander
Dixie Raymond
Iman Poole
Hina Bishop
Ariya Oakley
Dottie Haley
Nabila Aldred
Phyllis Mullen
Leigha Mcfadden
Taylor Boyer
Asha Munro
Harlen Moss
Eugene Schwartz
Macy Burks
Ellie-Rose Stott
Julie Lewis
Tamar Stephenson
Riaan Marshall
Helin Guy
Mariah Almond
Levi Mcclain
Hazel Erickson
Zaine Magana
Nabeela Arias
Hajrah O'Gallagher
Taran Liu
Kunal Bloom
Ronny Ramos
Kiera Macdonald
Saim Finney
Theodora Irving
Millicent Gilliam
Donnell Santiago
Sue Christian
Gabriella Fraser
Freyja Barr
Renzo Edmonds
Sol Douglas
Dafydd Giles
Elyse Moreno
Charlize Galvan
Dilan Moses
Leanna Ellison
Hilary Booker
Maude Wells
Devan Clarke
Edison Mcdonald
Manha Peel
Ahsan O'Brien
Thalia Murillo
Harmony Mcloughlin
Emanuel Hickman
Lea Hooper
Bjorn Bright
Menna Mcbride
Edgar Lim
Kerys Bryant
Samera Schmidt
Honor Nichols
Divine Ruiz
Velma Chamberlain
Dion Travis
Bessie Knott
Shivani Higgins
Ifan Neale
Eilidh Roth
Katie Odom
Maurice Charlton
Kiran Greer
Hamish Doyle
Zishan Jefferson
Deanne Drew
Kiana Camacho
Juliette Watkins
Meadow Meyer
Gregory Bloom
Vishal Hess
Eleanor Long
Ihsan Jacobson
Nick Haley
Caspian Petersen
Areeb Dolan
Ephraim Garrison
Reggie Jimenez
Borys Penn
Jai Sinclair
Selin Mcdougall
Alya Mcgill
Humzah O'Brien
Danika Moody
Tamsin Vance
Bernadette Hughes
Delores Vaughn
Amarah Benson
Denzel Garner
Ryder Horne
Carly Cherry
Saif Mcmillan
Alfred Corrigan
Elina Whittle
Kallum Wagstaff
Annabell Freeman
Aras Goddard
Kamal Chang
Kirby Schroeder
Scarlette Robin
Hetty Salt
Saffa Rice
Caitlyn Glenn
Montague Adams
Ameera Mccray
Ricky Fernandez
Oskar Morris
Matthew Mackenzie
Roan Stein
Ainsley Finnegan
Tymon King
Anna Irwin
Nada Duarte
Huseyin Booth
Ayesha Bloggs
Rees Draper
Ewen Brock
Elle-May Bannister
Caspar Magana
Dianne Pittman
Nikki Walters
Kiya Perkins
Adnan Tillman
Chase Wells
Ellie-Mai Nava
Geraldine Poole
Mayur Kendall
Aryaan Mcgrath
Shaunie Sanderson
Amiyah Castro
Jaydan Bouvet
Aliyah Blaese
Montgomery O'Sullivan
Qasim Mayer
Zaina Mitchell
Amisha Driscoll
Kate Guzman
Arron Mcknight
Gwen Barrera
Jamaal Alston
Ffion Cope
Louis Morrison
Faiz Bevan
Duane Mccartney
Kristy Cleveland
Murtaza Jacobs
Shoaib Blake
Kymani Dawe
Eira Rios
Elowen Crossley
Chloe-Ann Calhoun
Kian Mcdermott
Jonathon Clifford
Ayden Hayes
Cassidy Rodrigues
Holly Montgomery
Tyrell Wardle
Dua Walsh
Stephanie Christian
Sophia Bright
Aiyla Kent
Arslan Redmond
Enrique Russo
Norah Ireland
Bradley Casey
Anastazja Bain
Roosevelt Shepard
Muneeb Eaton
Salim Cordova
Miley Silva
Davina Woolley
Elvis Roberson
Jada Hood
Katy Parra
Aneesha Berry
Samera Benton
Sinead Laing
Mia Blaese
Kiefer O'Ryan
Yousif Harwood
Montell Bentley
Jovan Haigh
Skye Barrera
Georgia Esquivel
Corban Ventura
Alishia Howells
Krish Foreman
Romeo Stanton
Julien Burnett
Eloise Phillips
Makenzie Wilkes
Baxter Beech
Nikkita Schofield
Spencer Daugherty
Isaac Allen
Hattie Bullock
Hayley Massey
Rihanna Molina
Karam Dominguez
Reanna Fisher
Klaudia Tyler
Addison Bernal
Eren Mccarthy
Priyanka Andrade
Inaya Krueger
Lexi Combs
Betsy Forrest
Chandler Hume
Mandy Buck
Neel Kramer
Leona Gilbert
Maleeha Ayers
Irving Fernandez
Kellie Howell
Sherry Maxwell
Melody Aguilar
Mcauley Huffman
Ronny Levy
Latoya Hinton
Niamh Mcarthur
Jimmie Bautista
Tymoteusz Pugh
Ismaeel Sellers
Sorcha Sanderson
Susanna Drake
Arisha Sykes
Kathy East
Brenna Burgess
Cathal Marriott
Faiza Powers
Ellie-Mai Traynor
Dalia Morales
Emilis Ho
Hibah Chaney
Eadie Burt
Shea Petersen
Lori Jordan
Iosif Croft
Cienna Holmes
Darrell Whitehouse
Alexis Moran
Chad O'Gallagher
Keegan Mccall
Charley Hollis
Jad Fitzpatrick
Macauley Stevenson
Sumaya Vargas
Giles York
Shana Page
Mikey Barajas
Lleyton Hart
Diana Rivas
William Harrison
Philip Rawlings
Cooper Pittman
Kurtis Preston
Sami Walters
Alby Huynh
Leah Mosley
Macauley Hawkins
Emir Conley
Gabrielius Krause
Sacha Castaneda
Robert Hagan
Freja Barron
Kashif Mccann
Haroon Brookes
Haaris Escobar
Jorgie Day
Siena Waters
Avni Wolf
Bryce Terrell
Gracie-Mai Johnson
Kaylee Gaines
Bethaney Price
Brodie Mcbride
Kendall Gross
Nettie Bautista
Ryker Ibarra
Jayde Mcmillan
Nazia Knowles
Nial Bloggs
Skylah Mckenna
Marissa Walton
Nayla Lester
Mamie Ingram
Lilian Lynch
Santiago Rowe
Ayman Crossley
Tilly Arnold
Shyla Archer
Zacharias Monroe
Caio Carr
Herman Kennedy
Kier Cope
Iqra Sexton
Talia Atkinson
Jena Solis
Dan Bouvet
Mairead Grant
Kohen Mcghee
Taine Head
Jax Connelly
Seamus Tanner
Breanna Wilkes
Prince Hancock
Theodor Flowers
Laurel Cannon
Emeli Buck
Lex Merrill
Ayla Daly
Paris Bowler
Amy-Louise Hulme
Teri Wells
Paula Mcneil
Meredith Metcalfe
Zaynah Magana
Shanay Callahan
Fredrick Bernal
Bartosz Morales
Avi Harding
Taylor Ratliff
Kaelan Reynolds
Kaiya Mays
Noah Simpson
Lacy Gibbs
Sofija Dejesus
Lucia Simon
Kajetan Beasley
Bernadette Ford
Leena Olsen
Parris Donald
Morwenna Vaughan
Zohaib Lowery
Saul Warren
Harriette Young
Federico Dawson
Cassius Briggs
Gene Gates
Adil Chung
Aarush Lowe
Vladimir Colon
Fariha Murphy
Luci Jackson
Sumaya Guzman
Ishan Clemons
Augustus Zamora
Annalise Walmsley
Jannat Bostock
Cecil Ayers
Agata Bryan
Akash Huffman
Marilyn Maguire
Nicola Blankenship
Nojus Howell
Rachelle Sweet
Brianna Marks
Rory Porter
Morgan Patton
Harvey-Lee Leach
Vinny O'Doherty
Nikita Hawes
Connie Simmons
Sanna Spooner
Macsen Lewis
Bertram Mohammed
Amayah Mack
Belinda Clarke
Malaika Irvine
Chiara Chamberlain
Iman Portillo
Dennis Schwartz
Emmett Shaw
Geraldine Taylor
Amanpreet Fleming
Nela Humphrey
Areebah Saunders
Reis Mclaughlin
Katie Adam
Efe Peters
Anam Esquivel
Greta Pritchard
Ellen Barr
Libbie Wilde
Reon Burke
Katrina Truong
Terrell Nelson
Shauna Salinas
Muhammed Nicholson
Rosa Stokes
Samiya Eastwood
Camden Calvert
Erik Leonard
Manpreet Finley
Sam Hollis
Tyla Gross
Eathan Small
Maryam Vasquez
Ashlea Espinosa
Jaye Lam
Catrina Dale
Elle-May Chandler
Inaaya Mercer
Amy-Louise Almond
Hamid Thatcher
Celine Mullins
Vienna Jackson
Ariel Vu
Shoaib Hartman
Ivor Stevenson
Arnas Blevins
Zayaan Ryan
Dillon Gallegos
Roberta Christensen
Mindy Floyd
Kamal Campbell
Roan Campos
Anniyah Milne
Korben Knox
Sania Cornish
Jeremiah Cochran
Mariam Dodd
Alaya Finney
Alfie-Jay Mitchell
Chyna Barnett
Caine Lyon
Kimberley North
Cherise Vickers
Jesse Sutherland
Glenda Ibarra
Oliwier Leblanc
Keiren Palacios
Ravi Shannon
Chantal Cohen
Mia Malone
Arfa Stamp
Amrita Cameron
Arsalan Cervantes
Imaad Horner
Gareth Mcphee
Muhamed Costa
Yasmin Matthams
Tj Naylor
Kristopher Callahan
Ayana Morse
Kaira Ramsey
Maeve Avalos
Enrico Collier
Anabelle Guest
Prisha Fritz
Ava-May Whitehead
Taylah Mcgill
Orion Haigh
Larry Cortez
Aayat Albert
Sadiyah Cisneros
Mehdi Hughes
Giselle Wallis
Harvir Burn
Kody Hess
Jerome Huang
Anton Forrest
Taliah Conway
Tahmina Davison
Ciara Steadman
Lilly-Mae Benitez
Delilah Whitney
Gabriella Stewart
Maariyah Kirkpatrick
Gaia Knights
Jaydan Vang
Bella Povey
Zane Hancock
Rhiannon Berger
Raheel Richardson
Abdirahman Moon
Mikolaj Humphreys
Carmel Yates
Olivia-Grace Hyde
Silas Bowler
Virgil Weaver
Kelsi Hoffman
Randall Price
Georga Mcfarlane
Caine Holloway
Lorelai Zamora
Mckenzie Fry
Paul Guest
Ellice Keller
Nora Knight
Aizah Parkinson
Haniya Monaghan
Fallon Noel
Stefan Fox
Raul Washington
Jayden-Lee Case
Elora Armstrong
Arley Tanner
Donnell Melendez
Mohammed Schultz
Forrest Duran
Ciaran Contreras
Francesca Nguyen
Rowan Wilks
Junaid Roberts
Joni Adam
Kim Boyd
Zion Mack
Zakariah Stokes
Shreya Porter
Dolores Massey
Milli Heath
Areeba Lowe
Hollie Fritz
Kallum Parker
Declan Conroy
Kristi Byrd
Malik Ferreira
Olaf Hanna
Scarlet Roberson
Jaspal Wang
Liberty Senior
Whitney Britton
Daisy-May Herring
Avani Bryan
Kaden Marks
Habiba Farmer
Miah Wilkes
Axl Bowen
Asa Mohamed
Denise Jefferson
Brad Henson
Viola Wolfe
Samia Cowan
Amelia-Rose Bright
Mia Cline
Callum Lake
Bill Bullock
Tashan Morley
Warwick Blundell
Robyn Weber
Aleyna Spears
Graeme Vickers
Rhodri Silva
Laila Wharton
Roxanne Gibbs
Perry Conley
Shahid Patterson
Leslie Blake
Callan Pitts
Anastazja Espinoza
Lorna Wynn
Tala Olson
Alanis Friedman
Bethan Waller
Reginald Stamp
Jeremiah Harvey
Preston Monroe
Faiz Bell
Zavier Kent
Neriah Knight
Maude Cornish
Orson Melton
Jorja Gilbert
Cruz Freeman
River Quintero
Dawid Hickman
Gino Emerson
Amie Kaye
Amanpreet Edge
Niam Spooner
Vickie Bright
Megan Parkes
Jax David
Sammy Hebert
Kody Bowman
Aayat Walsh
Gilbert Shields
Eesha Bravo
Selena Hendrix
Konnor Boyer
Nadeem Reader
Haaris Lord
Niko Stanton
Gracie-Leigh Zavala
Ameerah Wise
Arjan Dawe
Ellie-Mai Stout
Ruby-Leigh Odom
Antonia Plummer
Stella Sanders
Lana Curran
Greta Parkinson
Nieve Hampton
Orlaith Betts
Carlie Marquez
Keanu Humphrey
Logan Curtis
Aydin Rudd
Kwabena Harper
Leena Franklin
Chanel Haines
Eddie Connelly
Teigan Dejesus
Irene Kline
Keegan Mccullough
Zofia Curry
Arnold Dunkley
Skylar Roche
Leonardo Munro
Maximilian Ayers
Hector Calvert
Antoine Pritchard
Rhian Villarreal
Zahid Spears
Riyad Lopez
Mikail Hooper
Yash Shaffer
Robin Ashley
Arfa Johnston
Arianne Dunne
Zane Turnbull
Finnley Hobbs
Eshaan Reyna
Kelly Winters
Kelise Tierney
Kalvin Clark
Darcey Holder
Frankie Sloan
Alishia Corona
Jeffery Lawrence
Ariya Dotson
Dulcie Wheeler
Darragh Huynh
Alexie Wormald
Ho Barr
Lesley Estrada
Cienna Murillo
Graeme Gregory
Frederic Haigh
Ifan Burke
Lara Deleon
Uzair Terry
Xanthe Cuevas
Ayra Rooney
Leslie Clarkson
Hettie Broughton
Amelia-Rose Nielsen
Finnian Brady
Reese Bell
Portia Farrow
Dakota Chamberlain
Nuala Ratcliffe
Rylan Pike
Brendon Armstrong
Brodie Stewart
Farah Lawson
Aleah Frey
Shannen Stuart
Ayesha Halliday
Amba Cardenas
Akshay Blevins
Amanah Sadler
Walid Garrison
Zeenat Correa
Rianna Burris
Aditi Carlson
Elyas Justice
Lacey-Mae Andrade
Anees Rees
Reya Hutchinson
Susanna Blake
Tyrone Solis
Huda Randolph
Cohen Rowley
Siddharth Deacon
Konnor Vasquez
Ursula Davies
Cerys Peterson
Harriett Mcintyre
Hilda Barclay
Morris Murphy
Tessa Duggan
Elisha Howarth
Greyson Lake
Lucille Ellis
Maiya Roy
Eli Lewis
Kelsey Ferrell
Keiron Connelly
Sakina Ferreira
Lilian Luna
Chanel Raymond
Jeffrey Neale
Dahlia John
Ivy Bradley
Sofija Perkins
Humaira Hewitt
Alys Hardy
Bobbie Humphrey
Javan Lennon
Kaleem Rhodes
Jennie Barry
Simon Hook
Igor Woolley
Glyn Pineda
Jozef Cowan
Ridwan Rice
Karen Riley
Carina Foreman
Jaiden Hays
Ellesse Wilkins
Jayce Leech
Tristan Downes
Sidrah Schneider
Lucia Fritz
Maci Oconnor
Omar Mcfarland
Kaycee Salter
Lauren Ross
Lili Howells
Tyrique Pittman
Aadam Mahoney
Jaidon Mcmanus
Ellie-Mae Wu
Taylah Mayo
Sila Spooner
Saffa North
Effie Gaines
Carys Baird
Anas Gilmore
Marcus Thorpe
Bronte Devine
Finbar Durham
Sylvie Benson
Maximillian Plummer
Izabel Hall
Ollie Hayes
Whitney Petty
Bill Owens
Madison Bolton
River Grant
Ihsan Wall
Tymoteusz Cartwright
Ezmae Avalos
Mylah Cooley
Clare Cuevas
Jaylen Hagan
Caius Salt
Shawn Boyle
Tom Brady
Arla Calvert
Ezra Barber
Rebecca Mayer
Sheila Conley
Elsa Person
Aryaan Jefferson
Darnell Wilcox
Lulu Stott
Inigo Douglas
Elinor Love
Bradleigh Conway
Halimah Hutton
Aisha Harmon
Harun Mcintosh
Osian Lawson
Rylan Neal
Lacey Huber
Evelina Mcpherson
Amos Regan
Malak Quintero
Shayan Bruce
Tracy Ingram
Lyndon Beltran
Derrick Morley
Tyreece Olsen
Neive Booth
Mariya Cisneros
Tiya Medrano
Borys Donald
Reis Yang
Donna Arnold
Braden Lovell
Julian Phan
Saqib Beil
Russell Mcfarland
Miley Russell
Derren Devine
Adrian Lancaster
Lexi-May Lynch
Karolina Dawson
Wayne Cano
Desiree Rosales
Oliwia Howarth
Suleman Webb
Ifrah Mcdonnell
Sanna Lake
Penelope Haley
Belle Armstrong
Kristofer Savage
Myrtle Burns
Nansi Mccoy
Akeel Whitehouse
Tomos Mccall
Kacy Head
Cristian Stone
Arman Ferreira
Harris Franks
Franklyn Merritt
Andre Vu
Alexie Craft
Devante Goff
Maegan Richardson
Opal Magana
Oscar Allison
Shiv Hahn
Dominik Rojas
Reid Hopper
Willard Brookes
Scott Levy
Phillippa Roche
Anabella Williams
Nishat Mosley
Elmer Griffith
Malaika Gardiner
Alessandro Lozano
Tre Swift
Kristi Rayner
Monika Robson
Adelina Wilcox
Berat Whelan
Franco Mcgregor
Tyron Bray
Divine Cox
Brad Albert
Mert Winters
Rebekka Vang
Wallace Howe
Kason Riggs
Lorna Dalby
Kameron Finch
Shabaz Snider
Jayden Morgan
Vishal Pate
Lilly-Grace Bailey
Jordan-Lee French
Madeleine Floyd
Odin Christie
Md Hume
Ashwin Bentley
Noa Barrow
Jane House
Lilian Southern
Ursula Rooney
Janet Bain
Eva Peel
Darsh Charlton
Haseeb Romero
Jemima Corrigan
Erick Salas
Andres Gutierrez
Will Espinoza
Carlos Portuguez
David Morales
Juan Piedra
